{
  "version": "0.4.0",
  "basePitch": 440,
  "oscs": [
    {
      "modulation": [],
      "envelope": {
        "tag": "adsr",
        "attack": 0.005,
        "decay": 0.2596999999999994,
        "sustain": 0.07,
        "release": 0.2835999999999998
      },
      "volume": -72,
      "wave": "absSine",
      "pitchFraction": [
        1,
        1
      ]
    },
    {
      "modulation": [
        46
      ],
      "envelope": {
        "tag": "adsr",
        "attack": 0.005,
        "decay": 0.6119499999999998,
        "sustain": 0.3400000000000001,
        "release": 0.13034999999999974
      },
      "volume": -17,
      "wave": "sine",
      "pitchFraction": [
        1,
        1
      ]
    }
  ],
  "title": "Bass"
}
