{
  "version": "0.4.0",
  "basePitch": 440,
  "oscs": [
    {
      "modulation": [],
      "envelope": {
        "tag": "adsr",
        "attack": 0.005,
        "decay": 0.4686499999999997,
        "sustain": 0.41000000000000014,
        "release": 0.2835999999999998
      },
      "volume": -72,
      "wave": "absSine",
      "pitchFraction": [
        7,
        2
      ]
    },
    {
      "modulation": [
        78
      ],
      "envelope": {
        "tag": "adsr",
        "attack": 0.005,
        "decay": 0.6119499999999998,
        "sustain": 0,
        "release": 0.13034999999999974
      },
      "volume": -17,
      "wave": "sine",
      "pitchFraction": [
        2,
        1
      ]
    }
  ],
  "title": "Bell"
}
