{
  "version": "0.4.0",
  "basePitch": 440,
  "oscs": [
    {
      "modulation": [],
      "envelope": {
        "tag": "adsr",
        "attack": 0.005,
        "decay": 0.34924999999999995,
        "sustain": 0.35000000000000014,
        "release": 0.07465000000000001
      },
      "volume": -72,
      "wave": "absSine",
      "pitchFraction": [
        3,
        2
      ]
    },
    {
      "modulation": [
        51
      ],
      "envelope": {
        "tag": "adsr",
        "attack": 0.14429999999999993,
        "decay": 0.6477499999999999,
        "sustain": 0,
        "release": 0.05475000000000001
      },
      "volume": -25,
      "wave": "sine",
      "pitchFraction": [
        63,
        64
      ]
    },
    {
      "modulation": [
        36,
        0
      ],
      "envelope": {
        "tag": "adsr",
        "attack": 0.005,
        "decay": 1,
        "sustain": 0,
        "release": 0.13034999999999974
      },
      "volume": -17,
      "wave": "sine",
      "pitchFraction": [
        1,
        1
      ]
    }
  ],
  "title": "Metal Piano"
}
