{
  "version": "0.4.0",
  "basePitch": 440,
  "oscs": [
    {
      "modulation": [],
      "pitchFraction": [
        8,
        1
      ],
      "wave": "absSine",
      "envelope": {
        "tag": "adsr",
        "attack": 0.005,
        "decay": 0.8407999999999998,
        "sustain": 0.23999999999999988,
        "release": 0.4030000000000002
      },
      "volume": -72
    },
    {
      "pitchFraction": [
        16,
        1
      ],
      "wave": "halfSine",
      "envelope": {
        "tag": "adsr",
        "attack": 0.024900000000000002,
        "decay": 1,
        "sustain": 0.4199999999999996,
        "release": 0.05475000000000001
      },
      "volume": -26,
      "modulation": [
        96
      ]
    },
    {
      "envelope": {
        "tag": "adsr",
        "attack": 0.024900000000000005,
        "decay": 1,
        "sustain": 0.6099999999999997,
        "release": 0.034850000000000006
      },
      "volume": -14.5,
      "wave": "halfSine",
      "pitchFraction": [
        4,
        1
      ],
      "modulation": [
        58,
        0
      ]
    },
    {
      "envelope": {
        "tag": "adsr",
        "attack": 0.005,
        "decay": 1,
        "sustain": 1,
        "release": 0.005
      },
      "volume": -17.5,
      "wave": "halfSine",
      "pitchFraction": [
        1,
        1
      ],
      "modulation": [
        50,
        0,
        0
      ]
    }
  ],
  "title": "Organ"
}
