{
  "version": "0.4.0",
  "basePitch": 440,
  "oscs": [
    {
      "modulation": [],
      "envelope": {
        "tag": "adsr",
        "attack": 0.005,
        "decay": 0.21989999999999998,
        "sustain": 0.5000000000000001,
        "release": 0.05475000000000001
      },
      "volume": -72,
      "wave": "absSine",
      "pitchFraction": [
        1,
        1
      ]
    },
    {
      "modulation": [
        36
      ],
      "envelope": {
        "tag": "adsr",
        "attack": 0.005,
        "decay": 0.9064500000000005,
        "sustain": 0,
        "release": 0.13034999999999974
      },
      "volume": -12,
      "wave": "sine",
      "pitchFraction": [
        2,
        1
      ]
    }
  ],
  "title": "Synth Bass"
}