{
  "version": "0.4.0",
  "basePitch": 440,
  "oscs": [
    {
      "modulation": [],
      "envelope": {
        "tag": "adsr",
        "attack": 0.35325000000000006,
        "decay": 0.39900000000000024,
        "sustain": 0.5000000000000001,
        "release": 0.05475000000000001
      },
      "volume": -72,
      "wave": "sine",
      "pitchFraction": [
        6,
        1
      ]
    },
    {
      "modulation": [
        52
      ],
      "envelope": {
        "tag": "adsr",
        "attack": 0.005,
        "decay": 0.9064500000000005,
        "sustain": 0,
        "release": 0.13034999999999974
      },
      "volume": -12,
      "wave": "pulseSine",
      "pitchFraction": [
        1,
        1
      ]
    }
  ],
  "title": "Sitar"
}
