{
  "version": "0.0.4-dev1",
  "basePitch": 440,
  "oscs": [
    {
      "modulation": [],
      "pitchRatio": 3.5,
      "wave": "saw",
      "envelope": {
        "tag": "adsr",
        "attack": 0.005,
        "decay": 0.4029999999999998,
        "sustain": 0.26000000000000006,
        "release": 0.07465000000000001
      },
      "volume": -72
    },
    {
      "modulation": [
        0
      ],
      "pitchRatio": 0.66,
      "wave": "sine",
      "envelope": {
        "tag": "adsr",
        "attack": 0.5124500000000003,
        "decay": 0.38905,
        "sustain": 0.52,
        "release": 0.07465000000000001
      },
      "volume": -72
    },
    {
      "modulation": [
        51,
        16
      ],
      "pitchRatio": 1,
      "wave": "sine",
      "envelope": {
        "tag": "adsr",
        "attack": 0.005,
        "decay": 0.21989999999999998,
        "sustain": 0.19,
        "release": 0.05475000000000001
      },
      "volume": -72
    },
    {
      "modulation": [
        39,
        0,
        35
      ],
      "pitchRatio": 0.5,
      "wave": "sine",
      "envelope": {
        "tag": "adsr",
        "attack": 0.005,
        "decay": 0.2,
        "sustain": 0.5,
        "release": 0.13034999999999974
      },
      "volume": -12
    }
  ],
  "title": "Synth Bass"
}